﻿<?xml version="1.0" encoding="utf-8"?>
<HDon>
  <DLHDon Id="NDCEH1Q85G89">
    <TTChung>
      <PBan>2.0.1</PBan>
      <THDon>Hóa đơn giá trị gia tăng</THDon>
      <KHMSHDon>1</KHMSHDon>
      <KHHDon>C24TCT</KHHDon>
      <SHDon>00000001</SHDon>
      <NLap>2024-04-23</NLap>
      <DVTTe>VND</DVTTe>
      <TGia>1.00</TGia>
      <HTTToan>TM/CK</HTTToan>
      <MSTTCGP>0101243150</MSTTCGP>
      <TTKhac>
        <TTin>
          <TTruong>ExciseTaxAmount</TTruong>
          <KDLieu>numeric</KDLieu>
          <DLieu>0.0</DLieu>
        </TTin>
        <TTin>
          <TTruong>ExciseTaxAmountOC</TTruong>
          <KDLieu>numeric</KDLieu>
          <DLieu>0.00</DLieu>
        </TTin>
        <TTin>
          <TTruong>ExciseTaxRate</TTruong>
          <KDLieu>numeric</KDLieu>
          <DLieu>0.00</DLieu>
        </TTin>
        <TTin>
          <TTruong>ReturnTicketAmount</TTruong>
          <KDLieu>numeric</KDLieu>
          <DLieu>0.0</DLieu>
        </TTin>
        <TTin>
          <TTruong>ReturnTicketAmountOC</TTruong>
          <KDLieu>numeric</KDLieu>
          <DLieu>0.0</DLieu>
        </TTin>
        <TTin>
          <TTruong>StockTotalAmount</TTruong>
          <KDLieu>numeric</KDLieu>
          <DLieu>214298985.0</DLieu>
        </TTin>
        <TTin>
          <TTruong>StockTotalAmountOC</TTruong>
          <KDLieu>numeric</KDLieu>
          <DLieu>214298985.0</DLieu>
        </TTin>
      </TTKhac>
    </TTChung>
    <NDHDon>
      <NBan>
        <Ten>CÔNG TY TNHH GẠCH MEN BÁCH THÀNH</Ten>
        <MST>3600643262</MST>
        <DChi>Đường số 3, Khu công nghiệp Nhơn Trạch I, Xã Phú Hội, Huyện Nhơn Trạch, Tỉnh Đồng Nai, Việt Nam</DChi>
        <SDThoai>0251.3560807</SDThoai>
        <DCTDTu>maint250291@gmail.com</DCTDTu>
        <STKNHang>118000028639</STKNHang>
        <TNHang>Ngân Hàng TMCP Công Thương Việt Nam - CN Nhơn Trạch, Tỉnh Đồng Nai</TNHang>
        <Fax>02513.569.835</Fax>
        <TTKhac>
          <TTin>
            <TTruong>SellerAddress</TTruong>
            <KDLieu>string</KDLieu>
            <DLieu>Đường số 3, Khu công nghiệp Nhơn Trạch I, Xã Phú Hội, Huyện Nhơn Trạch, Tỉnh Đồng Nai, Việt Nam</DLieu>
          </TTin>
          <TTin>
            <TTruong>SellerBankAccount</TTruong>
            <KDLieu>string</KDLieu>
            <DLieu>118000028639</DLieu>
          </TTin>
          <TTin>
            <TTruong>SellerBankName</TTruong>
            <KDLieu>string</KDLieu>
            <DLieu>Ngân Hàng TMCP Công Thương Việt Nam - CN Nhơn Trạch, Tỉnh Đồng Nai</DLieu>
          </TTin>
          <TTin>
            <TTruong>SellerEmail</TTruong>
            <KDLieu>string</KDLieu>
            <DLieu>maint250291@gmail.com</DLieu>
          </TTin>
          <TTin>
            <TTruong>SellerFax</TTruong>
            <KDLieu>string</KDLieu>
            <DLieu>02513.569.835</DLieu>
          </TTin>
          <TTin>
            <TTruong>SellerPhoneNumber</TTruong>
            <KDLieu>string</KDLieu>
            <DLieu>0251.3560807</DLieu>
          </TTin>
        </TTKhac>
      </NBan>
      <NMua>
        <Ten> ANH THANH DŨNG - ĐỒNG NAI</Ten>
        <MKHang>1312A0063</MKHang>
      </NMua>
      <DSHHDVu>
        <HHDVu>
          <TChat>1</TChat>
          <STT>1</STT>
          <MHHDVu>CL399BEL3</MHHDVu>
          <THHDVu>Gạch men 30x30</THHDVu>
          <DVTinh>Thùng</DVTinh>
          <SLuong>239.000000</SLuong>
          <DGia>42592.590000</DGia>
          <TLCKhau>0.0000</TLCKhau>
          <STCKhau>0.000000</STCKhau>
          <ThTien>10179629.000000</ThTien>
          <TSuat>8%</TSuat>
          <TTKhac>
            <TTin>
              <TTruong>Amount</TTruong>
              <KDLieu>numeric</KDLieu>
              <DLieu>10179629.0</DLieu>
            </TTin>
            <TTin>
              <TTruong>AmountAfterExciseTax</TTruong>
              <KDLieu>numeric</KDLieu>
              <DLieu>0</DLieu>
            </TTin>
            <TTin>
              <TTruong>AmountAfterExciseTaxOC</TTruong>
              <KDLieu>numeric</KDLieu>
              <DLieu>0</DLieu>
            </TTin>
            <TTin>
              <TTruong>AmountOC</TTruong>
              <KDLieu>numeric</KDLieu>
              <DLieu>10179629.0</DLieu>
            </TTin>
            <TTin>
              <TTruong>AmountWithoutVATOC</TTruong>
              <KDLieu>numeric</KDLieu>
              <DLieu>10179629.0</DLieu>
            </TTin>
            <TTin>
              <TTruong>DiscountAmount</TTruong>
              <KDLieu>numeric</KDLieu>
              <DLieu>0.0</DLieu>
            </TTin>
            <TTin>
              <TTruong>SortOrder</TTruong>
              <KDLieu>numeric</KDLieu>
              <DLieu>1</DLieu>
            </TTin>
            <TTin>
              <TTruong>TaxReduction43Amount</TTruong>
              <KDLieu>numeric</KDLieu>
              <DLieu>0.0</DLieu>
            </TTin>
            <TTin>
              <TTruong>TaxReduction43AmountOC</TTruong>
              <KDLieu>numeric</KDLieu>
              <DLieu>0.0</DLieu>
            </TTin>
            <TTin>
              <TTruong>TaxReductionAmount</TTruong>
              <KDLieu>numeric</KDLieu>
              <DLieu>0.0</DLieu>
            </TTin>
            <TTin>
              <TTruong>TaxReductionAmountOC</TTruong>
              <KDLieu>numeric</KDLieu>
              <DLieu>0.0</DLieu>
            </TTin>
            <TTin>
              <TTruong>UnitPrice</TTruong>
              <KDLieu>numeric</KDLieu>
              <DLieu>42592.59</DLieu>
            </TTin>
            <TTin>
              <TTruong>UnitPriceAfterExciseVAT</TTruong>
              <KDLieu>numeric</KDLieu>
              <DLieu>0</DLieu>
            </TTin>
            <TTin>
              <TTruong>VATAmount</TTruong>
              <KDLieu>numeric</KDLieu>
              <DLieu>814371.0</DLieu>
            </TTin>
            <TTin>
              <TTruong>VATAmountOC</TTruong>
              <KDLieu>numeric</KDLieu>
              <DLieu>814371.0</DLieu>
            </TTin>
            <TTin>
              <TTruong>UnitPriceAfterExciseVAT</TTruong>
              <KDLieu>numeric</KDLieu>
              <DLieu>0</DLieu>
            </TTin>
            <TTin>
              <TTruong>AmountAfterExciseTaxOC</TTruong>
              <KDLieu>numeric</KDLieu>
              <DLieu>0</DLieu>
            </TTin>
            <TTin>
              <TTruong>AmountAfterExciseTax</TTruong>
              <KDLieu>numeric</KDLieu>
              <DLieu>0</DLieu>
            </TTin>
          </TTKhac>
        </HHDVu>
        <HHDVu>
          <TChat>1</TChat>
          <STT>2</STT>
          <MHHDVu>HH363GEL3</MHHDVu>
          <THHDVu>Gạch men 30x30</THHDVu>
          <DVTinh>Thùng</DVTinh>
          <SLuong>240.000000</SLuong>
          <DGia>42592.590000</DGia>
          <TLCKhau>0.0000</TLCKhau>
          <STCKhau>0.000000</STCKhau>
          <ThTien>10222222.000000</ThTien>
          <TSuat>8%</TSuat>
          <TTKhac>
            <TTin>
              <TTruong>Amount</TTruong>
              <KDLieu>numeric</KDLieu>
              <DLieu>10222222.0</DLieu>
            </TTin>
            <TTin>
              <TTruong>AmountAfterExciseTax</TTruong>
              <KDLieu>numeric</KDLieu>
              <DLieu>0</DLieu>
            </TTin>
            <TTin>
              <TTruong>AmountAfterExciseTaxOC</TTruong>
              <KDLieu>numeric</KDLieu>
              <DLieu>0</DLieu>
            </TTin>
            <TTin>
              <TTruong>AmountOC</TTruong>
              <KDLieu>numeric</KDLieu>
              <DLieu>10222222.0</DLieu>
            </TTin>
            <TTin>
              <TTruong>AmountWithoutVATOC</TTruong>
              <KDLieu>numeric</KDLieu>
              <DLieu>10222222.0</DLieu>
            </TTin>
            <TTin>
              <TTruong>DiscountAmount</TTruong>
              <KDLieu>numeric</KDLieu>
              <DLieu>0.0</DLieu>
            </TTin>
            <TTin>
              <TTruong>SortOrder</TTruong>
              <KDLieu>numeric</KDLieu>
              <DLieu>2</DLieu>
            </TTin>
            <TTin>
              <TTruong>TaxReduction43Amount</TTruong>
              <KDLieu>numeric</KDLieu>
              <DLieu>0.0</DLieu>
            </TTin>
            <TTin>
              <TTruong>TaxReduction43AmountOC</TTruong>
              <KDLieu>numeric</KDLieu>
              <DLieu>0.0</DLieu>
            </TTin>
            <TTin>
              <TTruong>TaxReductionAmount</TTruong>
              <KDLieu>numeric</KDLieu>
              <DLieu>0.0</DLieu>
            </TTin>
            <TTin>
              <TTruong>TaxReductionAmountOC</TTruong>
              <KDLieu>numeric</KDLieu>
              <DLieu>0.0</DLieu>
            </TTin>
            <TTin>
              <TTruong>UnitPrice</TTruong>
              <KDLieu>numeric</KDLieu>
              <DLieu>42592.59</DLieu>
            </TTin>
            <TTin>
              <TTruong>UnitPriceAfterExciseVAT</TTruong>
              <KDLieu>numeric</KDLieu>
              <DLieu>0</DLieu>
            </TTin>
            <TTin>
              <TTruong>VATAmount</TTruong>
              <KDLieu>numeric</KDLieu>
              <DLieu>817778.0</DLieu>
            </TTin>
            <TTin>
              <TTruong>VATAmountOC</TTruong>
              <KDLieu>numeric</KDLieu>
              <DLieu>817778.0</DLieu>
            </TTin>
            <TTin>
              <TTruong>UnitPriceAfterExciseVAT</TTruong>
              <KDLieu>numeric</KDLieu>
              <DLieu>0</DLieu>
            </TTin>
            <TTin>
              <TTruong>AmountAfterExciseTaxOC</TTruong>
              <KDLieu>numeric</KDLieu>
              <DLieu>0</DLieu>
            </TTin>
            <TTin>
              <TTruong>AmountAfterExciseTax</TTruong>
              <KDLieu>numeric</KDLieu>
              <DLieu>0</DLieu>
            </TTin>
          </TTKhac>
        </HHDVu>
        <HHDVu>
          <TChat>1</TChat>
          <STT>3</STT>
          <MHHDVu>HH363MRL3</MHHDVu>
          <THHDVu>Gạch men 30x30</THHDVu>
          <DVTinh>Thùng</DVTinh>
          <SLuong>242.000000</SLuong>
          <DGia>42592.590000</DGia>
          <TLCKhau>0.0000</TLCKhau>
          <STCKhau>0.000000</STCKhau>
          <ThTien>10307407.000000</ThTien>
          <TSuat>8%</TSuat>
          <TTKhac>
            <TTin>
              <TTruong>Amount</TTruong>
              <KDLieu>numeric</KDLieu>
              <DLieu>10307407.0</DLieu>
            </TTin>
            <TTin>
              <TTruong>AmountAfterExciseTax</TTruong>
              <KDLieu>numeric</KDLieu>
              <DLieu>0</DLieu>
            </TTin>
            <TTin>
              <TTruong>AmountAfterExciseTaxOC</TTruong>
              <KDLieu>numeric</KDLieu>
              <DLieu>0</DLieu>
            </TTin>
            <TTin>
              <TTruong>AmountOC</TTruong>
              <KDLieu>numeric</KDLieu>
              <DLieu>10307407.0</DLieu>
            </TTin>
            <TTin>
              <TTruong>AmountWithoutVATOC</TTruong>
              <KDLieu>numeric</KDLieu>
              <DLieu>10307407.0</DLieu>
            </TTin>
            <TTin>
              <TTruong>DiscountAmount</TTruong>
              <KDLieu>numeric</KDLieu>
              <DLieu>0.0</DLieu>
            </TTin>
            <TTin>
              <TTruong>SortOrder</TTruong>
              <KDLieu>numeric</KDLieu>
              <DLieu>3</DLieu>
            </TTin>
            <TTin>
              <TTruong>TaxReduction43Amount</TTruong>
              <KDLieu>numeric</KDLieu>
              <DLieu>0.0</DLieu>
            </TTin>
            <TTin>
              <TTruong>TaxReduction43AmountOC</TTruong>
              <KDLieu>numeric</KDLieu>
              <DLieu>0.0</DLieu>
            </TTin>
            <TTin>
              <TTruong>TaxReductionAmount</TTruong>
              <KDLieu>numeric</KDLieu>
              <DLieu>0.0</DLieu>
            </TTin>
            <TTin>
              <TTruong>TaxReductionAmountOC</TTruong>
              <KDLieu>numeric</KDLieu>
              <DLieu>0.0</DLieu>
            </TTin>
            <TTin>
              <TTruong>UnitPrice</TTruong>
              <KDLieu>numeric</KDLieu>
              <DLieu>42592.59</DLieu>
            </TTin>
            <TTin>
              <TTruong>UnitPriceAfterExciseVAT</TTruong>
              <KDLieu>numeric</KDLieu>
              <DLieu>0</DLieu>
            </TTin>
            <TTin>
              <TTruong>VATAmount</TTruong>
              <KDLieu>numeric</KDLieu>
              <DLieu>824593.0</DLieu>
            </TTin>
            <TTin>
              <TTruong>VATAmountOC</TTruong>
              <KDLieu>numeric</KDLieu>
              <DLieu>824593.0</DLieu>
            </TTin>
            <TTin>
              <TTruong>UnitPriceAfterExciseVAT</TTruong>
              <KDLieu>numeric</KDLieu>
              <DLieu>0</DLieu>
            </TTin>
            <TTin>
              <TTruong>AmountAfterExciseTaxOC</TTruong>
              <KDLieu>numeric</KDLieu>
              <DLieu>0</DLieu>
            </TTin>
            <TTin>
              <TTruong>AmountAfterExciseTax</TTruong>
              <KDLieu>numeric</KDLieu>
              <DLieu>0</DLieu>
            </TTin>
          </TTKhac>
        </HHDVu>
        <HHDVu>
          <TChat>1</TChat>
          <STT>4</STT>
          <MHHDVu>LY331BEL3</MHHDVu>
          <THHDVu>Gạch men 30x30</THHDVu>
          <DVTinh>Thùng</DVTinh>
          <SLuong>227.000000</SLuong>
          <DGia>42592.590000</DGia>
          <TLCKhau>0.0000</TLCKhau>
          <STCKhau>0.000000</STCKhau>
          <ThTien>9668518.000000</ThTien>
          <TSuat>8%</TSuat>
          <TTKhac>
            <TTin>
              <TTruong>Amount</TTruong>
              <KDLieu>numeric</KDLieu>
              <DLieu>9668518.0</DLieu>
            </TTin>
            <TTin>
              <TTruong>AmountAfterExciseTax</TTruong>
              <KDLieu>numeric</KDLieu>
              <DLieu>0</DLieu>
            </TTin>
            <TTin>
              <TTruong>AmountAfterExciseTaxOC</TTruong>
              <KDLieu>numeric</KDLieu>
              <DLieu>0</DLieu>
            </TTin>
            <TTin>
              <TTruong>AmountOC</TTruong>
              <KDLieu>numeric</KDLieu>
              <DLieu>9668518.0</DLieu>
            </TTin>
            <TTin>
              <TTruong>AmountWithoutVATOC</TTruong>
              <KDLieu>numeric</KDLieu>
              <DLieu>9668518.0</DLieu>
            </TTin>
            <TTin>
              <TTruong>DiscountAmount</TTruong>
              <KDLieu>numeric</KDLieu>
              <DLieu>0.0</DLieu>
            </TTin>
            <TTin>
              <TTruong>SortOrder</TTruong>
              <KDLieu>numeric</KDLieu>
              <DLieu>4</DLieu>
            </TTin>
            <TTin>
              <TTruong>TaxReduction43Amount</TTruong>
              <KDLieu>numeric</KDLieu>
              <DLieu>0.0</DLieu>
            </TTin>
            <TTin>
              <TTruong>TaxReduction43AmountOC</TTruong>
              <KDLieu>numeric</KDLieu>
              <DLieu>0.0</DLieu>
            </TTin>
            <TTin>
              <TTruong>TaxReductionAmount</TTruong>
              <KDLieu>numeric</KDLieu>
              <DLieu>0.0</DLieu>
            </TTin>
            <TTin>
              <TTruong>TaxReductionAmountOC</TTruong>
              <KDLieu>numeric</KDLieu>
              <DLieu>0.0</DLieu>
            </TTin>
            <TTin>
              <TTruong>UnitPrice</TTruong>
              <KDLieu>numeric</KDLieu>
              <DLieu>42592.59</DLieu>
            </TTin>
            <TTin>
              <TTruong>UnitPriceAfterExciseVAT</TTruong>
              <KDLieu>numeric</KDLieu>
              <DLieu>0</DLieu>
            </TTin>
            <TTin>
              <TTruong>VATAmount</TTruong>
              <KDLieu>numeric</KDLieu>
              <DLieu>773481.0</DLieu>
            </TTin>
            <TTin>
              <TTruong>VATAmountOC</TTruong>
              <KDLieu>numeric</KDLieu>
              <DLieu>773481.0</DLieu>
            </TTin>
            <TTin>
              <TTruong>UnitPriceAfterExciseVAT</TTruong>
              <KDLieu>numeric</KDLieu>
              <DLieu>0</DLieu>
            </TTin>
            <TTin>
              <TTruong>AmountAfterExciseTaxOC</TTruong>
              <KDLieu>numeric</KDLieu>
              <DLieu>0</DLieu>
            </TTin>
            <TTin>
              <TTruong>AmountAfterExciseTax</TTruong>
              <KDLieu>numeric</KDLieu>
              <DLieu>0</DLieu>
            </TTin>
          </TTKhac>
        </HHDVu>
        <HHDVu>
          <TChat>1</TChat>
          <STT>5</STT>
          <MHHDVu>MD312BCL3</MHHDVu>
          <THHDVu>Gạch men 30x30</THHDVu>
          <DVTinh>Thùng</DVTinh>
          <SLuong>246.000000</SLuong>
          <DGia>42592.590000</DGia>
          <TLCKhau>0.0000</TLCKhau>
          <STCKhau>0.000000</STCKhau>
          <ThTien>10477777.000000</ThTien>
          <TSuat>8%</TSuat>
          <TTKhac>
            <TTin>
              <TTruong>Amount</TTruong>
              <KDLieu>numeric</KDLieu>
              <DLieu>10477777.0</DLieu>
            </TTin>
            <TTin>
              <TTruong>AmountAfterExciseTax</TTruong>
              <KDLieu>numeric</KDLieu>
              <DLieu>0</DLieu>
            </TTin>
            <TTin>
              <TTruong>AmountAfterExciseTaxOC</TTruong>
              <KDLieu>numeric</KDLieu>
              <DLieu>0</DLieu>
            </TTin>
            <TTin>
              <TTruong>AmountOC</TTruong>
              <KDLieu>numeric</KDLieu>
              <DLieu>10477777.0</DLieu>
            </TTin>
            <TTin>
              <TTruong>AmountWithoutVATOC</TTruong>
              <KDLieu>numeric</KDLieu>
              <DLieu>10477777.0</DLieu>
            </TTin>
            <TTin>
              <TTruong>DiscountAmount</TTruong>
              <KDLieu>numeric</KDLieu>
              <DLieu>0.0</DLieu>
            </TTin>
            <TTin>
              <TTruong>SortOrder</TTruong>
              <KDLieu>numeric</KDLieu>
              <DLieu>5</DLieu>
            </TTin>
            <TTin>
              <TTruong>TaxReduction43Amount</TTruong>
              <KDLieu>numeric</KDLieu>
              <DLieu>0.0</DLieu>
            </TTin>
            <TTin>
              <TTruong>TaxReduction43AmountOC</TTruong>
              <KDLieu>numeric</KDLieu>
              <DLieu>0.0</DLieu>
            </TTin>
            <TTin>
              <TTruong>TaxReductionAmount</TTruong>
              <KDLieu>numeric</KDLieu>
              <DLieu>0.0</DLieu>
            </TTin>
            <TTin>
              <TTruong>TaxReductionAmountOC</TTruong>
              <KDLieu>numeric</KDLieu>
              <DLieu>0.0</DLieu>
            </TTin>
            <TTin>
              <TTruong>UnitPrice</TTruong>
              <KDLieu>numeric</KDLieu>
              <DLieu>42592.59</DLieu>
            </TTin>
            <TTin>
              <TTruong>UnitPriceAfterExciseVAT</TTruong>
              <KDLieu>numeric</KDLieu>
              <DLieu>0</DLieu>
            </TTin>
            <TTin>
              <TTruong>VATAmount</TTruong>
              <KDLieu>numeric</KDLieu>
              <DLieu>838222.0</DLieu>
            </TTin>
            <TTin>
              <TTruong>VATAmountOC</TTruong>
              <KDLieu>numeric</KDLieu>
              <DLieu>838222.0</DLieu>
            </TTin>
            <TTin>
              <TTruong>UnitPriceAfterExciseVAT</TTruong>
              <KDLieu>numeric</KDLieu>
              <DLieu>0</DLieu>
            </TTin>
            <TTin>
              <TTruong>AmountAfterExciseTaxOC</TTruong>
              <KDLieu>numeric</KDLieu>
              <DLieu>0</DLieu>
            </TTin>
            <TTin>
              <TTruong>AmountAfterExciseTax</TTruong>
              <KDLieu>numeric</KDLieu>
              <DLieu>0</DLieu>
            </TTin>
          </TTKhac>
        </HHDVu>
        <HHDVu>
          <TChat>1</TChat>
          <STT>6</STT>
          <MHHDVu>MD312BLL3</MHHDVu>
          <THHDVu>Gạch men 30x30</THHDVu>
          <DVTinh>Thùng</DVTinh>
          <SLuong>244.000000</SLuong>
          <DGia>42592.590000</DGia>
          <TLCKhau>0.0000</TLCKhau>
          <STCKhau>0.000000</STCKhau>
          <ThTien>10392592.000000</ThTien>
          <TSuat>8%</TSuat>
          <TTKhac>
            <TTin>
              <TTruong>Amount</TTruong>
              <KDLieu>numeric</KDLieu>
              <DLieu>10392592.0</DLieu>
            </TTin>
            <TTin>
              <TTruong>AmountAfterExciseTax</TTruong>
              <KDLieu>numeric</KDLieu>
              <DLieu>0</DLieu>
            </TTin>
            <TTin>
              <TTruong>AmountAfterExciseTaxOC</TTruong>
              <KDLieu>numeric</KDLieu>
              <DLieu>0</DLieu>
            </TTin>
            <TTin>
              <TTruong>AmountOC</TTruong>
              <KDLieu>numeric</KDLieu>
              <DLieu>10392592.0</DLieu>
            </TTin>
            <TTin>
              <TTruong>AmountWithoutVATOC</TTruong>
              <KDLieu>numeric</KDLieu>
              <DLieu>10392592.0</DLieu>
            </TTin>
            <TTin>
              <TTruong>DiscountAmount</TTruong>
              <KDLieu>numeric</KDLieu>
              <DLieu>0.0</DLieu>
            </TTin>
            <TTin>
              <TTruong>SortOrder</TTruong>
              <KDLieu>numeric</KDLieu>
              <DLieu>6</DLieu>
            </TTin>
            <TTin>
              <TTruong>TaxReduction43Amount</TTruong>
              <KDLieu>numeric</KDLieu>
              <DLieu>0.0</DLieu>
            </TTin>
            <TTin>
              <TTruong>TaxReduction43AmountOC</TTruong>
              <KDLieu>numeric</KDLieu>
              <DLieu>0.0</DLieu>
            </TTin>
            <TTin>
              <TTruong>TaxReductionAmount</TTruong>
              <KDLieu>numeric</KDLieu>
              <DLieu>0.0</DLieu>
            </TTin>
            <TTin>
              <TTruong>TaxReductionAmountOC</TTruong>
              <KDLieu>numeric</KDLieu>
              <DLieu>0.0</DLieu>
            </TTin>
            <TTin>
              <TTruong>UnitPrice</TTruong>
              <KDLieu>numeric</KDLieu>
              <DLieu>42592.59</DLieu>
            </TTin>
            <TTin>
              <TTruong>UnitPriceAfterExciseVAT</TTruong>
              <KDLieu>numeric</KDLieu>
              <DLieu>0</DLieu>
            </TTin>
            <TTin>
              <TTruong>VATAmount</TTruong>
              <KDLieu>numeric</KDLieu>
              <DLieu>831407.0</DLieu>
            </TTin>
            <TTin>
              <TTruong>VATAmountOC</TTruong>
              <KDLieu>numeric</KDLieu>
              <DLieu>831407.0</DLieu>
            </TTin>
            <TTin>
              <TTruong>UnitPriceAfterExciseVAT</TTruong>
              <KDLieu>numeric</KDLieu>
              <DLieu>0</DLieu>
            </TTin>
            <TTin>
              <TTruong>AmountAfterExciseTaxOC</TTruong>
              <KDLieu>numeric</KDLieu>
              <DLieu>0</DLieu>
            </TTin>
            <TTin>
              <TTruong>AmountAfterExciseTax</TTruong>
              <KDLieu>numeric</KDLieu>
              <DLieu>0</DLieu>
            </TTin>
          </TTKhac>
        </HHDVu>
        <HHDVu>
          <TChat>1</TChat>
          <STT>7</STT>
          <MHHDVu>PH366BCL3</MHHDVu>
          <THHDVu>Gạch men 30x30</THHDVu>
          <DVTinh>Thùng</DVTinh>
          <SLuong>248.000000</SLuong>
          <DGia>42592.590000</DGia>
          <TLCKhau>0.0000</TLCKhau>
          <STCKhau>0.000000</STCKhau>
          <ThTien>10562962.000000</ThTien>
          <TSuat>8%</TSuat>
          <TTKhac>
            <TTin>
              <TTruong>Amount</TTruong>
              <KDLieu>numeric</KDLieu>
              <DLieu>10562962.0</DLieu>
            </TTin>
            <TTin>
              <TTruong>AmountAfterExciseTax</TTruong>
              <KDLieu>numeric</KDLieu>
              <DLieu>0</DLieu>
            </TTin>
            <TTin>
              <TTruong>AmountAfterExciseTaxOC</TTruong>
              <KDLieu>numeric</KDLieu>
              <DLieu>0</DLieu>
            </TTin>
            <TTin>
              <TTruong>AmountOC</TTruong>
              <KDLieu>numeric</KDLieu>
              <DLieu>10562962.0</DLieu>
            </TTin>
            <TTin>
              <TTruong>AmountWithoutVATOC</TTruong>
              <KDLieu>numeric</KDLieu>
              <DLieu>10562962.0</DLieu>
            </TTin>
            <TTin>
              <TTruong>DiscountAmount</TTruong>
              <KDLieu>numeric</KDLieu>
              <DLieu>0.0</DLieu>
            </TTin>
            <TTin>
              <TTruong>SortOrder</TTruong>
              <KDLieu>numeric</KDLieu>
              <DLieu>7</DLieu>
            </TTin>
            <TTin>
              <TTruong>TaxReduction43Amount</TTruong>
              <KDLieu>numeric</KDLieu>
              <DLieu>0.0</DLieu>
            </TTin>
            <TTin>
              <TTruong>TaxReduction43AmountOC</TTruong>
              <KDLieu>numeric</KDLieu>
              <DLieu>0.0</DLieu>
            </TTin>
            <TTin>
              <TTruong>TaxReductionAmount</TTruong>
              <KDLieu>numeric</KDLieu>
              <DLieu>0.0</DLieu>
            </TTin>
            <TTin>
              <TTruong>TaxReductionAmountOC</TTruong>
              <KDLieu>numeric</KDLieu>
              <DLieu>0.0</DLieu>
            </TTin>
            <TTin>
              <TTruong>UnitPrice</TTruong>
              <KDLieu>numeric</KDLieu>
              <DLieu>42592.59</DLieu>
            </TTin>
            <TTin>
              <TTruong>UnitPriceAfterExciseVAT</TTruong>
              <KDLieu>numeric</KDLieu>
              <DLieu>0</DLieu>
            </TTin>
            <TTin>
              <TTruong>VATAmount</TTruong>
              <KDLieu>numeric</KDLieu>
              <DLieu>845037.0</DLieu>
            </TTin>
            <TTin>
              <TTruong>VATAmountOC</TTruong>
              <KDLieu>numeric</KDLieu>
              <DLieu>845037.0</DLieu>
            </TTin>
            <TTin>
              <TTruong>UnitPriceAfterExciseVAT</TTruong>
              <KDLieu>numeric</KDLieu>
              <DLieu>0</DLieu>
            </TTin>
            <TTin>
              <TTruong>AmountAfterExciseTaxOC</TTruong>
              <KDLieu>numeric</KDLieu>
              <DLieu>0</DLieu>
            </TTin>
            <TTin>
              <TTruong>AmountAfterExciseTax</TTruong>
              <KDLieu>numeric</KDLieu>
              <DLieu>0</DLieu>
            </TTin>
          </TTKhac>
        </HHDVu>
        <HHDVu>
          <TChat>1</TChat>
          <STT>8</STT>
          <MHHDVu>RV334BLL3</MHHDVu>
          <THHDVu>Gạch men 30x30</THHDVu>
          <DVTinh>Thùng</DVTinh>
          <SLuong>260.000000</SLuong>
          <DGia>42592.590000</DGia>
          <TLCKhau>0.0000</TLCKhau>
          <STCKhau>0.000000</STCKhau>
          <ThTien>11074073.000000</ThTien>
          <TSuat>8%</TSuat>
          <TTKhac>
            <TTin>
              <TTruong>Amount</TTruong>
              <KDLieu>numeric</KDLieu>
              <DLieu>11074073.0</DLieu>
            </TTin>
            <TTin>
              <TTruong>AmountAfterExciseTax</TTruong>
              <KDLieu>numeric</KDLieu>
              <DLieu>0</DLieu>
            </TTin>
            <TTin>
              <TTruong>AmountAfterExciseTaxOC</TTruong>
              <KDLieu>numeric</KDLieu>
              <DLieu>0</DLieu>
            </TTin>
            <TTin>
              <TTruong>AmountOC</TTruong>
              <KDLieu>numeric</KDLieu>
              <DLieu>11074073.0</DLieu>
            </TTin>
            <TTin>
              <TTruong>AmountWithoutVATOC</TTruong>
              <KDLieu>numeric</KDLieu>
              <DLieu>11074073.0</DLieu>
            </TTin>
            <TTin>
              <TTruong>DiscountAmount</TTruong>
              <KDLieu>numeric</KDLieu>
              <DLieu>0.0</DLieu>
            </TTin>
            <TTin>
              <TTruong>SortOrder</TTruong>
              <KDLieu>numeric</KDLieu>
              <DLieu>8</DLieu>
            </TTin>
            <TTin>
              <TTruong>TaxReduction43Amount</TTruong>
              <KDLieu>numeric</KDLieu>
              <DLieu>0.0</DLieu>
            </TTin>
            <TTin>
              <TTruong>TaxReduction43AmountOC</TTruong>
              <KDLieu>numeric</KDLieu>
              <DLieu>0.0</DLieu>
            </TTin>
            <TTin>
              <TTruong>TaxReductionAmount</TTruong>
              <KDLieu>numeric</KDLieu>
              <DLieu>0.0</DLieu>
            </TTin>
            <TTin>
              <TTruong>TaxReductionAmountOC</TTruong>
              <KDLieu>numeric</KDLieu>
              <DLieu>0.0</DLieu>
            </TTin>
            <TTin>
              <TTruong>UnitPrice</TTruong>
              <KDLieu>numeric</KDLieu>
              <DLieu>42592.59</DLieu>
            </TTin>
            <TTin>
              <TTruong>UnitPriceAfterExciseVAT</TTruong>
              <KDLieu>numeric</KDLieu>
              <DLieu>0</DLieu>
            </TTin>
            <TTin>
              <TTruong>VATAmount</TTruong>
              <KDLieu>numeric</KDLieu>
              <DLieu>885926.0</DLieu>
            </TTin>
            <TTin>
              <TTruong>VATAmountOC</TTruong>
              <KDLieu>numeric</KDLieu>
              <DLieu>885926.0</DLieu>
            </TTin>
            <TTin>
              <TTruong>UnitPriceAfterExciseVAT</TTruong>
              <KDLieu>numeric</KDLieu>
              <DLieu>0</DLieu>
            </TTin>
            <TTin>
              <TTruong>AmountAfterExciseTaxOC</TTruong>
              <KDLieu>numeric</KDLieu>
              <DLieu>0</DLieu>
            </TTin>
            <TTin>
              <TTruong>AmountAfterExciseTax</TTruong>
              <KDLieu>numeric</KDLieu>
              <DLieu>0</DLieu>
            </TTin>
          </TTKhac>
        </HHDVu>
        <HHDVu>
          <TChat>1</TChat>
          <STT>9</STT>
          <MHHDVu>SG397BRL3</MHHDVu>
          <THHDVu>Gạch men 30x30</THHDVu>
          <DVTinh>Thùng</DVTinh>
          <SLuong>262.000000</SLuong>
          <DGia>42592.590000</DGia>
          <TLCKhau>0.0000</TLCKhau>
          <STCKhau>0.000000</STCKhau>
          <ThTien>11159259.000000</ThTien>
          <TSuat>8%</TSuat>
          <TTKhac>
            <TTin>
              <TTruong>Amount</TTruong>
              <KDLieu>numeric</KDLieu>
              <DLieu>11159259.0</DLieu>
            </TTin>
            <TTin>
              <TTruong>AmountAfterExciseTax</TTruong>
              <KDLieu>numeric</KDLieu>
              <DLieu>0</DLieu>
            </TTin>
            <TTin>
              <TTruong>AmountAfterExciseTaxOC</TTruong>
              <KDLieu>numeric</KDLieu>
              <DLieu>0</DLieu>
            </TTin>
            <TTin>
              <TTruong>AmountOC</TTruong>
              <KDLieu>numeric</KDLieu>
              <DLieu>11159259.0</DLieu>
            </TTin>
            <TTin>
              <TTruong>AmountWithoutVATOC</TTruong>
              <KDLieu>numeric</KDLieu>
              <DLieu>11159259.0</DLieu>
            </TTin>
            <TTin>
              <TTruong>DiscountAmount</TTruong>
              <KDLieu>numeric</KDLieu>
              <DLieu>0.0</DLieu>
            </TTin>
            <TTin>
              <TTruong>SortOrder</TTruong>
              <KDLieu>numeric</KDLieu>
              <DLieu>9</DLieu>
            </TTin>
            <TTin>
              <TTruong>TaxReduction43Amount</TTruong>
              <KDLieu>numeric</KDLieu>
              <DLieu>0.0</DLieu>
            </TTin>
            <TTin>
              <TTruong>TaxReduction43AmountOC</TTruong>
              <KDLieu>numeric</KDLieu>
              <DLieu>0.0</DLieu>
            </TTin>
            <TTin>
              <TTruong>TaxReductionAmount</TTruong>
              <KDLieu>numeric</KDLieu>
              <DLieu>0.0</DLieu>
            </TTin>
            <TTin>
              <TTruong>TaxReductionAmountOC</TTruong>
              <KDLieu>numeric</KDLieu>
              <DLieu>0.0</DLieu>
            </TTin>
            <TTin>
              <TTruong>UnitPrice</TTruong>
              <KDLieu>numeric</KDLieu>
              <DLieu>42592.59</DLieu>
            </TTin>
            <TTin>
              <TTruong>UnitPriceAfterExciseVAT</TTruong>
              <KDLieu>numeric</KDLieu>
              <DLieu>0</DLieu>
            </TTin>
            <TTin>
              <TTruong>VATAmount</TTruong>
              <KDLieu>numeric</KDLieu>
              <DLieu>892741.0</DLieu>
            </TTin>
            <TTin>
              <TTruong>VATAmountOC</TTruong>
              <KDLieu>numeric</KDLieu>
              <DLieu>892741.0</DLieu>
            </TTin>
            <TTin>
              <TTruong>UnitPriceAfterExciseVAT</TTruong>
              <KDLieu>numeric</KDLieu>
              <DLieu>0</DLieu>
            </TTin>
            <TTin>
              <TTruong>AmountAfterExciseTaxOC</TTruong>
              <KDLieu>numeric</KDLieu>
              <DLieu>0</DLieu>
            </TTin>
            <TTin>
              <TTruong>AmountAfterExciseTax</TTruong>
              <KDLieu>numeric</KDLieu>
              <DLieu>0</DLieu>
            </TTin>
          </TTKhac>
        </HHDVu>
        <HHDVu>
          <TChat>1</TChat>
          <STT>10</STT>
          <MHHDVu>TH3001L3</MHHDVu>
          <THHDVu>Gạch men 30x30</THHDVu>
          <DVTinh>Thùng</DVTinh>
          <SLuong>234.000000</SLuong>
          <DGia>42592.590000</DGia>
          <TLCKhau>0.0000</TLCKhau>
          <STCKhau>0.000000</STCKhau>
          <ThTien>9966666.000000</ThTien>
          <TSuat>8%</TSuat>
          <TTKhac>
            <TTin>
              <TTruong>Amount</TTruong>
              <KDLieu>numeric</KDLieu>
              <DLieu>9966666.0</DLieu>
            </TTin>
            <TTin>
              <TTruong>AmountAfterExciseTax</TTruong>
              <KDLieu>numeric</KDLieu>
              <DLieu>0</DLieu>
            </TTin>
            <TTin>
              <TTruong>AmountAfterExciseTaxOC</TTruong>
              <KDLieu>numeric</KDLieu>
              <DLieu>0</DLieu>
            </TTin>
            <TTin>
              <TTruong>AmountOC</TTruong>
              <KDLieu>numeric</KDLieu>
              <DLieu>9966666.0</DLieu>
            </TTin>
            <TTin>
              <TTruong>AmountWithoutVATOC</TTruong>
              <KDLieu>numeric</KDLieu>
              <DLieu>9966666.0</DLieu>
            </TTin>
            <TTin>
              <TTruong>DiscountAmount</TTruong>
              <KDLieu>numeric</KDLieu>
              <DLieu>0.0</DLieu>
            </TTin>
            <TTin>
              <TTruong>SortOrder</TTruong>
              <KDLieu>numeric</KDLieu>
              <DLieu>10</DLieu>
            </TTin>
            <TTin>
              <TTruong>TaxReduction43Amount</TTruong>
              <KDLieu>numeric</KDLieu>
              <DLieu>0.0</DLieu>
            </TTin>
            <TTin>
              <TTruong>TaxReduction43AmountOC</TTruong>
              <KDLieu>numeric</KDLieu>
              <DLieu>0.0</DLieu>
            </TTin>
            <TTin>
              <TTruong>TaxReductionAmount</TTruong>
              <KDLieu>numeric</KDLieu>
              <DLieu>0.0</DLieu>
            </TTin>
            <TTin>
              <TTruong>TaxReductionAmountOC</TTruong>
              <KDLieu>numeric</KDLieu>
              <DLieu>0.0</DLieu>
            </TTin>
            <TTin>
              <TTruong>UnitPrice</TTruong>
              <KDLieu>numeric</KDLieu>
              <DLieu>42592.59</DLieu>
            </TTin>
            <TTin>
              <TTruong>UnitPriceAfterExciseVAT</TTruong>
              <KDLieu>numeric</KDLieu>
              <DLieu>0</DLieu>
            </TTin>
            <TTin>
              <TTruong>VATAmount</TTruong>
              <KDLieu>numeric</KDLieu>
              <DLieu>797333.0</DLieu>
            </TTin>
            <TTin>
              <TTruong>VATAmountOC</TTruong>
              <KDLieu>numeric</KDLieu>
              <DLieu>797333.0</DLieu>
            </TTin>
            <TTin>
              <TTruong>UnitPriceAfterExciseVAT</TTruong>
              <KDLieu>numeric</KDLieu>
              <DLieu>0</DLieu>
            </TTin>
            <TTin>
              <TTruong>AmountAfterExciseTaxOC</TTruong>
              <KDLieu>numeric</KDLieu>
              <DLieu>0</DLieu>
            </TTin>
            <TTin>
              <TTruong>AmountAfterExciseTax</TTruong>
              <KDLieu>numeric</KDLieu>
              <DLieu>0</DLieu>
            </TTin>
          </TTKhac>
        </HHDVu>
        <HHDVu>
          <TChat>1</TChat>
          <STT>11</STT>
          <MHHDVu>MB3008L4</MHHDVu>
          <THHDVu>Gạch men 30x30</THHDVu>
          <DVTinh>Thùng</DVTinh>
          <SLuong>266.000000</SLuong>
          <DGia>37962.960000</DGia>
          <TLCKhau>0.0000</TLCKhau>
          <STCKhau>0.000000</STCKhau>
          <ThTien>10098147.000000</ThTien>
          <TSuat>8%</TSuat>
          <TTKhac>
            <TTin>
              <TTruong>Amount</TTruong>
              <KDLieu>numeric</KDLieu>
              <DLieu>10098147.0</DLieu>
            </TTin>
            <TTin>
              <TTruong>AmountAfterExciseTax</TTruong>
              <KDLieu>numeric</KDLieu>
              <DLieu>0</DLieu>
            </TTin>
            <TTin>
              <TTruong>AmountAfterExciseTaxOC</TTruong>
              <KDLieu>numeric</KDLieu>
              <DLieu>0</DLieu>
            </TTin>
            <TTin>
              <TTruong>AmountOC</TTruong>
              <KDLieu>numeric</KDLieu>
              <DLieu>10098147.0</DLieu>
            </TTin>
            <TTin>
              <TTruong>AmountWithoutVATOC</TTruong>
              <KDLieu>numeric</KDLieu>
              <DLieu>10098147.0</DLieu>
            </TTin>
            <TTin>
              <TTruong>DiscountAmount</TTruong>
              <KDLieu>numeric</KDLieu>
              <DLieu>0.0</DLieu>
            </TTin>
            <TTin>
              <TTruong>SortOrder</TTruong>
              <KDLieu>numeric</KDLieu>
              <DLieu>11</DLieu>
            </TTin>
            <TTin>
              <TTruong>TaxReduction43Amount</TTruong>
              <KDLieu>numeric</KDLieu>
              <DLieu>0.0</DLieu>
            </TTin>
            <TTin>
              <TTruong>TaxReduction43AmountOC</TTruong>
              <KDLieu>numeric</KDLieu>
              <DLieu>0.0</DLieu>
            </TTin>
            <TTin>
              <TTruong>TaxReductionAmount</TTruong>
              <KDLieu>numeric</KDLieu>
              <DLieu>0.0</DLieu>
            </TTin>
            <TTin>
              <TTruong>TaxReductionAmountOC</TTruong>
              <KDLieu>numeric</KDLieu>
              <DLieu>0.0</DLieu>
            </TTin>
            <TTin>
              <TTruong>UnitPrice</TTruong>
              <KDLieu>numeric</KDLieu>
              <DLieu>37962.96</DLieu>
            </TTin>
            <TTin>
              <TTruong>UnitPriceAfterExciseVAT</TTruong>
              <KDLieu>numeric</KDLieu>
              <DLieu>0</DLieu>
            </TTin>
            <TTin>
              <TTruong>VATAmount</TTruong>
              <KDLieu>numeric</KDLieu>
              <DLieu>807852.0</DLieu>
            </TTin>
            <TTin>
              <TTruong>VATAmountOC</TTruong>
              <KDLieu>numeric</KDLieu>
              <DLieu>807852.0</DLieu>
            </TTin>
            <TTin>
              <TTruong>UnitPriceAfterExciseVAT</TTruong>
              <KDLieu>numeric</KDLieu>
              <DLieu>0</DLieu>
            </TTin>
            <TTin>
              <TTruong>AmountAfterExciseTaxOC</TTruong>
              <KDLieu>numeric</KDLieu>
              <DLieu>0</DLieu>
            </TTin>
            <TTin>
              <TTruong>AmountAfterExciseTax</TTruong>
              <KDLieu>numeric</KDLieu>
              <DLieu>0</DLieu>
            </TTin>
          </TTKhac>
        </HHDVu>
        <HHDVu>
          <TChat>1</TChat>
          <STT>12</STT>
          <MHHDVu>MD323YLL4</MHHDVu>
          <THHDVu>Gạch men 30x30</THHDVu>
          <DVTinh>Thùng</DVTinh>
          <SLuong>229.000000</SLuong>
          <DGia>37962.960000</DGia>
          <TLCKhau>0.0000</TLCKhau>
          <STCKhau>0.000000</STCKhau>
          <ThTien>8693518.000000</ThTien>
          <TSuat>8%</TSuat>
          <TTKhac>
            <TTin>
              <TTruong>Amount</TTruong>
              <KDLieu>numeric</KDLieu>
              <DLieu>8693518.0</DLieu>
            </TTin>
            <TTin>
              <TTruong>AmountAfterExciseTax</TTruong>
              <KDLieu>numeric</KDLieu>
              <DLieu>0</DLieu>
            </TTin>
            <TTin>
              <TTruong>AmountAfterExciseTaxOC</TTruong>
              <KDLieu>numeric</KDLieu>
              <DLieu>0</DLieu>
            </TTin>
            <TTin>
              <TTruong>AmountOC</TTruong>
              <KDLieu>numeric</KDLieu>
              <DLieu>8693518.0</DLieu>
            </TTin>
            <TTin>
              <TTruong>AmountWithoutVATOC</TTruong>
              <KDLieu>numeric</KDLieu>
              <DLieu>8693518.0</DLieu>
            </TTin>
            <TTin>
              <TTruong>DiscountAmount</TTruong>
              <KDLieu>numeric</KDLieu>
              <DLieu>0.0</DLieu>
            </TTin>
            <TTin>
              <TTruong>SortOrder</TTruong>
              <KDLieu>numeric</KDLieu>
              <DLieu>12</DLieu>
            </TTin>
            <TTin>
              <TTruong>TaxReduction43Amount</TTruong>
              <KDLieu>numeric</KDLieu>
              <DLieu>0.0</DLieu>
            </TTin>
            <TTin>
              <TTruong>TaxReduction43AmountOC</TTruong>
              <KDLieu>numeric</KDLieu>
              <DLieu>0.0</DLieu>
            </TTin>
            <TTin>
              <TTruong>TaxReductionAmount</TTruong>
              <KDLieu>numeric</KDLieu>
              <DLieu>0.0</DLieu>
            </TTin>
            <TTin>
              <TTruong>TaxReductionAmountOC</TTruong>
              <KDLieu>numeric</KDLieu>
              <DLieu>0.0</DLieu>
            </TTin>
            <TTin>
              <TTruong>UnitPrice</TTruong>
              <KDLieu>numeric</KDLieu>
              <DLieu>37962.96</DLieu>
            </TTin>
            <TTin>
              <TTruong>UnitPriceAfterExciseVAT</TTruong>
              <KDLieu>numeric</KDLieu>
              <DLieu>0</DLieu>
            </TTin>
            <TTin>
              <TTruong>VATAmount</TTruong>
              <KDLieu>numeric</KDLieu>
              <DLieu>695481.0</DLieu>
            </TTin>
            <TTin>
              <TTruong>VATAmountOC</TTruong>
              <KDLieu>numeric</KDLieu>
              <DLieu>695481.0</DLieu>
            </TTin>
            <TTin>
              <TTruong>UnitPriceAfterExciseVAT</TTruong>
              <KDLieu>numeric</KDLieu>
              <DLieu>0</DLieu>
            </TTin>
            <TTin>
              <TTruong>AmountAfterExciseTaxOC</TTruong>
              <KDLieu>numeric</KDLieu>
              <DLieu>0</DLieu>
            </TTin>
            <TTin>
              <TTruong>AmountAfterExciseTax</TTruong>
              <KDLieu>numeric</KDLieu>
              <DLieu>0</DLieu>
            </TTin>
          </TTKhac>
        </HHDVu>
        <HHDVu>
          <TChat>1</TChat>
          <STT>13</STT>
          <MHHDVu>PH366BLL4</MHHDVu>
          <THHDVu>Gạch men 30x30</THHDVu>
          <DVTinh>Thùng</DVTinh>
          <SLuong>245.000000</SLuong>
          <DGia>37962.960000</DGia>
          <TLCKhau>0.0000</TLCKhau>
          <STCKhau>0.000000</STCKhau>
          <ThTien>9300925.000000</ThTien>
          <TSuat>8%</TSuat>
          <TTKhac>
            <TTin>
              <TTruong>Amount</TTruong>
              <KDLieu>numeric</KDLieu>
              <DLieu>9300925.0</DLieu>
            </TTin>
            <TTin>
              <TTruong>AmountAfterExciseTax</TTruong>
              <KDLieu>numeric</KDLieu>
              <DLieu>0</DLieu>
            </TTin>
            <TTin>
              <TTruong>AmountAfterExciseTaxOC</TTruong>
              <KDLieu>numeric</KDLieu>
              <DLieu>0</DLieu>
            </TTin>
            <TTin>
              <TTruong>AmountOC</TTruong>
              <KDLieu>numeric</KDLieu>
              <DLieu>9300925.0</DLieu>
            </TTin>
            <TTin>
              <TTruong>AmountWithoutVATOC</TTruong>
              <KDLieu>numeric</KDLieu>
              <DLieu>9300925.0</DLieu>
            </TTin>
            <TTin>
              <TTruong>DiscountAmount</TTruong>
              <KDLieu>numeric</KDLieu>
              <DLieu>0.0</DLieu>
            </TTin>
            <TTin>
              <TTruong>SortOrder</TTruong>
              <KDLieu>numeric</KDLieu>
              <DLieu>13</DLieu>
            </TTin>
            <TTin>
              <TTruong>TaxReduction43Amount</TTruong>
              <KDLieu>numeric</KDLieu>
              <DLieu>0.0</DLieu>
            </TTin>
            <TTin>
              <TTruong>TaxReduction43AmountOC</TTruong>
              <KDLieu>numeric</KDLieu>
              <DLieu>0.0</DLieu>
            </TTin>
            <TTin>
              <TTruong>TaxReductionAmount</TTruong>
              <KDLieu>numeric</KDLieu>
              <DLieu>0.0</DLieu>
            </TTin>
            <TTin>
              <TTruong>TaxReductionAmountOC</TTruong>
              <KDLieu>numeric</KDLieu>
              <DLieu>0.0</DLieu>
            </TTin>
            <TTin>
              <TTruong>UnitPrice</TTruong>
              <KDLieu>numeric</KDLieu>
              <DLieu>37962.96</DLieu>
            </TTin>
            <TTin>
              <TTruong>UnitPriceAfterExciseVAT</TTruong>
              <KDLieu>numeric</KDLieu>
              <DLieu>0</DLieu>
            </TTin>
            <TTin>
              <TTruong>VATAmount</TTruong>
              <KDLieu>numeric</KDLieu>
              <DLieu>744074.0</DLieu>
            </TTin>
            <TTin>
              <TTruong>VATAmountOC</TTruong>
              <KDLieu>numeric</KDLieu>
              <DLieu>744074.0</DLieu>
            </TTin>
            <TTin>
              <TTruong>UnitPriceAfterExciseVAT</TTruong>
              <KDLieu>numeric</KDLieu>
              <DLieu>0</DLieu>
            </TTin>
            <TTin>
              <TTruong>AmountAfterExciseTaxOC</TTruong>
              <KDLieu>numeric</KDLieu>
              <DLieu>0</DLieu>
            </TTin>
            <TTin>
              <TTruong>AmountAfterExciseTax</TTruong>
              <KDLieu>numeric</KDLieu>
              <DLieu>0</DLieu>
            </TTin>
          </TTKhac>
        </HHDVu>
        <HHDVu>
          <TChat>1</TChat>
          <STT>14</STT>
          <MHHDVu>PH366GEL4</MHHDVu>
          <THHDVu>Gạch men 30x30</THHDVu>
          <DVTinh>Thùng</DVTinh>
          <SLuong>228.000000</SLuong>
          <DGia>37962.960000</DGia>
          <TLCKhau>0.0000</TLCKhau>
          <STCKhau>0.000000</STCKhau>
          <ThTien>8655555.000000</ThTien>
          <TSuat>8%</TSuat>
          <TTKhac>
            <TTin>
              <TTruong>Amount</TTruong>
              <KDLieu>numeric</KDLieu>
              <DLieu>8655555.0</DLieu>
            </TTin>
            <TTin>
              <TTruong>AmountAfterExciseTax</TTruong>
              <KDLieu>numeric</KDLieu>
              <DLieu>0</DLieu>
            </TTin>
            <TTin>
              <TTruong>AmountAfterExciseTaxOC</TTruong>
              <KDLieu>numeric</KDLieu>
              <DLieu>0</DLieu>
            </TTin>
            <TTin>
              <TTruong>AmountOC</TTruong>
              <KDLieu>numeric</KDLieu>
              <DLieu>8655555.0</DLieu>
            </TTin>
            <TTin>
              <TTruong>AmountWithoutVATOC</TTruong>
              <KDLieu>numeric</KDLieu>
              <DLieu>8655555.0</DLieu>
            </TTin>
            <TTin>
              <TTruong>DiscountAmount</TTruong>
              <KDLieu>numeric</KDLieu>
              <DLieu>0.0</DLieu>
            </TTin>
            <TTin>
              <TTruong>SortOrder</TTruong>
              <KDLieu>numeric</KDLieu>
              <DLieu>14</DLieu>
            </TTin>
            <TTin>
              <TTruong>TaxReduction43Amount</TTruong>
              <KDLieu>numeric</KDLieu>
              <DLieu>0.0</DLieu>
            </TTin>
            <TTin>
              <TTruong>TaxReduction43AmountOC</TTruong>
              <KDLieu>numeric</KDLieu>
              <DLieu>0.0</DLieu>
            </TTin>
            <TTin>
              <TTruong>TaxReductionAmount</TTruong>
              <KDLieu>numeric</KDLieu>
              <DLieu>0.0</DLieu>
            </TTin>
            <TTin>
              <TTruong>TaxReductionAmountOC</TTruong>
              <KDLieu>numeric</KDLieu>
              <DLieu>0.0</DLieu>
            </TTin>
            <TTin>
              <TTruong>UnitPrice</TTruong>
              <KDLieu>numeric</KDLieu>
              <DLieu>37962.96</DLieu>
            </TTin>
            <TTin>
              <TTruong>UnitPriceAfterExciseVAT</TTruong>
              <KDLieu>numeric</KDLieu>
              <DLieu>0</DLieu>
            </TTin>
            <TTin>
              <TTruong>VATAmount</TTruong>
              <KDLieu>numeric</KDLieu>
              <DLieu>692444.0</DLieu>
            </TTin>
            <TTin>
              <TTruong>VATAmountOC</TTruong>
              <KDLieu>numeric</KDLieu>
              <DLieu>692444.0</DLieu>
            </TTin>
            <TTin>
              <TTruong>UnitPriceAfterExciseVAT</TTruong>
              <KDLieu>numeric</KDLieu>
              <DLieu>0</DLieu>
            </TTin>
            <TTin>
              <TTruong>AmountAfterExciseTaxOC</TTruong>
              <KDLieu>numeric</KDLieu>
              <DLieu>0</DLieu>
            </TTin>
            <TTin>
              <TTruong>AmountAfterExciseTax</TTruong>
              <KDLieu>numeric</KDLieu>
              <DLieu>0</DLieu>
            </TTin>
          </TTKhac>
        </HHDVu>
        <HHDVu>
          <TChat>1</TChat>
          <STT>15</STT>
          <MHHDVu>PH367IVL4</MHHDVu>
          <THHDVu>Gạch men 30x30</THHDVu>
          <DVTinh>Thùng</DVTinh>
          <SLuong>258.000000</SLuong>
          <DGia>37962.960000</DGia>
          <TLCKhau>0.0000</TLCKhau>
          <STCKhau>0.000000</STCKhau>
          <ThTien>9794444.000000</ThTien>
          <TSuat>8%</TSuat>
          <TTKhac>
            <TTin>
              <TTruong>Amount</TTruong>
              <KDLieu>numeric</KDLieu>
              <DLieu>9794444.0</DLieu>
            </TTin>
            <TTin>
              <TTruong>AmountAfterExciseTax</TTruong>
              <KDLieu>numeric</KDLieu>
              <DLieu>0</DLieu>
            </TTin>
            <TTin>
              <TTruong>AmountAfterExciseTaxOC</TTruong>
              <KDLieu>numeric</KDLieu>
              <DLieu>0</DLieu>
            </TTin>
            <TTin>
              <TTruong>AmountOC</TTruong>
              <KDLieu>numeric</KDLieu>
              <DLieu>9794444.0</DLieu>
            </TTin>
            <TTin>
              <TTruong>AmountWithoutVATOC</TTruong>
              <KDLieu>numeric</KDLieu>
              <DLieu>9794444.0</DLieu>
            </TTin>
            <TTin>
              <TTruong>DiscountAmount</TTruong>
              <KDLieu>numeric</KDLieu>
              <DLieu>0.0</DLieu>
            </TTin>
            <TTin>
              <TTruong>SortOrder</TTruong>
              <KDLieu>numeric</KDLieu>
              <DLieu>15</DLieu>
            </TTin>
            <TTin>
              <TTruong>TaxReduction43Amount</TTruong>
              <KDLieu>numeric</KDLieu>
              <DLieu>0.0</DLieu>
            </TTin>
            <TTin>
              <TTruong>TaxReduction43AmountOC</TTruong>
              <KDLieu>numeric</KDLieu>
              <DLieu>0.0</DLieu>
            </TTin>
            <TTin>
              <TTruong>TaxReductionAmount</TTruong>
              <KDLieu>numeric</KDLieu>
              <DLieu>0.0</DLieu>
            </TTin>
            <TTin>
              <TTruong>TaxReductionAmountOC</TTruong>
              <KDLieu>numeric</KDLieu>
              <DLieu>0.0</DLieu>
            </TTin>
            <TTin>
              <TTruong>UnitPrice</TTruong>
              <KDLieu>numeric</KDLieu>
              <DLieu>37962.96</DLieu>
            </TTin>
            <TTin>
              <TTruong>UnitPriceAfterExciseVAT</TTruong>
              <KDLieu>numeric</KDLieu>
              <DLieu>0</DLieu>
            </TTin>
            <TTin>
              <TTruong>VATAmount</TTruong>
              <KDLieu>numeric</KDLieu>
              <DLieu>783556.0</DLieu>
            </TTin>
            <TTin>
              <TTruong>VATAmountOC</TTruong>
              <KDLieu>numeric</KDLieu>
              <DLieu>783556.0</DLieu>
            </TTin>
            <TTin>
              <TTruong>UnitPriceAfterExciseVAT</TTruong>
              <KDLieu>numeric</KDLieu>
              <DLieu>0</DLieu>
            </TTin>
            <TTin>
              <TTruong>AmountAfterExciseTaxOC</TTruong>
              <KDLieu>numeric</KDLieu>
              <DLieu>0</DLieu>
            </TTin>
            <TTin>
              <TTruong>AmountAfterExciseTax</TTruong>
              <KDLieu>numeric</KDLieu>
              <DLieu>0</DLieu>
            </TTin>
          </TTKhac>
        </HHDVu>
        <HHDVu>
          <TChat>1</TChat>
          <STT>16</STT>
          <MHHDVu>PT311GRL4</MHHDVu>
          <THHDVu>Gạch men 30x30</THHDVu>
          <DVTinh>Thùng</DVTinh>
          <SLuong>256.000000</SLuong>
          <DGia>37962.960000</DGia>
          <TLCKhau>0.0000</TLCKhau>
          <STCKhau>0.000000</STCKhau>
          <ThTien>9718518.000000</ThTien>
          <TSuat>8%</TSuat>
          <TTKhac>
            <TTin>
              <TTruong>Amount</TTruong>
              <KDLieu>numeric</KDLieu>
              <DLieu>9718518.0</DLieu>
            </TTin>
            <TTin>
              <TTruong>AmountAfterExciseTax</TTruong>
              <KDLieu>numeric</KDLieu>
              <DLieu>0</DLieu>
            </TTin>
            <TTin>
              <TTruong>AmountAfterExciseTaxOC</TTruong>
              <KDLieu>numeric</KDLieu>
              <DLieu>0</DLieu>
            </TTin>
            <TTin>
              <TTruong>AmountOC</TTruong>
              <KDLieu>numeric</KDLieu>
              <DLieu>9718518.0</DLieu>
            </TTin>
            <TTin>
              <TTruong>AmountWithoutVATOC</TTruong>
              <KDLieu>numeric</KDLieu>
              <DLieu>9718518.0</DLieu>
            </TTin>
            <TTin>
              <TTruong>DiscountAmount</TTruong>
              <KDLieu>numeric</KDLieu>
              <DLieu>0.0</DLieu>
            </TTin>
            <TTin>
              <TTruong>SortOrder</TTruong>
              <KDLieu>numeric</KDLieu>
              <DLieu>16</DLieu>
            </TTin>
            <TTin>
              <TTruong>TaxReduction43Amount</TTruong>
              <KDLieu>numeric</KDLieu>
              <DLieu>0.0</DLieu>
            </TTin>
            <TTin>
              <TTruong>TaxReduction43AmountOC</TTruong>
              <KDLieu>numeric</KDLieu>
              <DLieu>0.0</DLieu>
            </TTin>
            <TTin>
              <TTruong>TaxReductionAmount</TTruong>
              <KDLieu>numeric</KDLieu>
              <DLieu>0.0</DLieu>
            </TTin>
            <TTin>
              <TTruong>TaxReductionAmountOC</TTruong>
              <KDLieu>numeric</KDLieu>
              <DLieu>0.0</DLieu>
            </TTin>
            <TTin>
              <TTruong>UnitPrice</TTruong>
              <KDLieu>numeric</KDLieu>
              <DLieu>37962.96</DLieu>
            </TTin>
            <TTin>
              <TTruong>UnitPriceAfterExciseVAT</TTruong>
              <KDLieu>numeric</KDLieu>
              <DLieu>0</DLieu>
            </TTin>
            <TTin>
              <TTruong>VATAmount</TTruong>
              <KDLieu>numeric</KDLieu>
              <DLieu>777481.0</DLieu>
            </TTin>
            <TTin>
              <TTruong>VATAmountOC</TTruong>
              <KDLieu>numeric</KDLieu>
              <DLieu>777481.0</DLieu>
            </TTin>
            <TTin>
              <TTruong>UnitPriceAfterExciseVAT</TTruong>
              <KDLieu>numeric</KDLieu>
              <DLieu>0</DLieu>
            </TTin>
            <TTin>
              <TTruong>AmountAfterExciseTaxOC</TTruong>
              <KDLieu>numeric</KDLieu>
              <DLieu>0</DLieu>
            </TTin>
            <TTin>
              <TTruong>AmountAfterExciseTax</TTruong>
              <KDLieu>numeric</KDLieu>
              <DLieu>0</DLieu>
            </TTin>
          </TTKhac>
        </HHDVu>
        <HHDVu>
          <TChat>1</TChat>
          <STT>17</STT>
          <MHHDVu>SG399WHL4</MHHDVu>
          <THHDVu>Gạch men 30x30</THHDVu>
          <DVTinh>Thùng</DVTinh>
          <SLuong>252.000000</SLuong>
          <DGia>37962.960000</DGia>
          <TLCKhau>0.0000</TLCKhau>
          <STCKhau>0.000000</STCKhau>
          <ThTien>9566666.000000</ThTien>
          <TSuat>8%</TSuat>
          <TTKhac>
            <TTin>
              <TTruong>Amount</TTruong>
              <KDLieu>numeric</KDLieu>
              <DLieu>9566666.0</DLieu>
            </TTin>
            <TTin>
              <TTruong>AmountAfterExciseTax</TTruong>
              <KDLieu>numeric</KDLieu>
              <DLieu>0</DLieu>
            </TTin>
            <TTin>
              <TTruong>AmountAfterExciseTaxOC</TTruong>
              <KDLieu>numeric</KDLieu>
              <DLieu>0</DLieu>
            </TTin>
            <TTin>
              <TTruong>AmountOC</TTruong>
              <KDLieu>numeric</KDLieu>
              <DLieu>9566666.0</DLieu>
            </TTin>
            <TTin>
              <TTruong>AmountWithoutVATOC</TTruong>
              <KDLieu>numeric</KDLieu>
              <DLieu>9566666.0</DLieu>
            </TTin>
            <TTin>
              <TTruong>DiscountAmount</TTruong>
              <KDLieu>numeric</KDLieu>
              <DLieu>0.0</DLieu>
            </TTin>
            <TTin>
              <TTruong>SortOrder</TTruong>
              <KDLieu>numeric</KDLieu>
              <DLieu>17</DLieu>
            </TTin>
            <TTin>
              <TTruong>TaxReduction43Amount</TTruong>
              <KDLieu>numeric</KDLieu>
              <DLieu>0.0</DLieu>
            </TTin>
            <TTin>
              <TTruong>TaxReduction43AmountOC</TTruong>
              <KDLieu>numeric</KDLieu>
              <DLieu>0.0</DLieu>
            </TTin>
            <TTin>
              <TTruong>TaxReductionAmount</TTruong>
              <KDLieu>numeric</KDLieu>
              <DLieu>0.0</DLieu>
            </TTin>
            <TTin>
              <TTruong>TaxReductionAmountOC</TTruong>
              <KDLieu>numeric</KDLieu>
              <DLieu>0.0</DLieu>
            </TTin>
            <TTin>
              <TTruong>UnitPrice</TTruong>
              <KDLieu>numeric</KDLieu>
              <DLieu>37962.96</DLieu>
            </TTin>
            <TTin>
              <TTruong>UnitPriceAfterExciseVAT</TTruong>
              <KDLieu>numeric</KDLieu>
              <DLieu>0</DLieu>
            </TTin>
            <TTin>
              <TTruong>VATAmount</TTruong>
              <KDLieu>numeric</KDLieu>
              <DLieu>765333.0</DLieu>
            </TTin>
            <TTin>
              <TTruong>VATAmountOC</TTruong>
              <KDLieu>numeric</KDLieu>
              <DLieu>765333.0</DLieu>
            </TTin>
            <TTin>
              <TTruong>UnitPriceAfterExciseVAT</TTruong>
              <KDLieu>numeric</KDLieu>
              <DLieu>0</DLieu>
            </TTin>
            <TTin>
              <TTruong>AmountAfterExciseTaxOC</TTruong>
              <KDLieu>numeric</KDLieu>
              <DLieu>0</DLieu>
            </TTin>
            <TTin>
              <TTruong>AmountAfterExciseTax</TTruong>
              <KDLieu>numeric</KDLieu>
              <DLieu>0</DLieu>
            </TTin>
          </TTKhac>
        </HHDVu>
        <HHDVu>
          <TChat>1</TChat>
          <STT>18</STT>
          <MHHDVu>SKD3058L4</MHHDVu>
          <THHDVu>Gạch men 30x30</THHDVu>
          <DVTinh>Thùng</DVTinh>
          <SLuong>244.000000</SLuong>
          <DGia>37962.960000</DGia>
          <TLCKhau>0.0000</TLCKhau>
          <STCKhau>0.000000</STCKhau>
          <ThTien>9262962.000000</ThTien>
          <TSuat>8%</TSuat>
          <TTKhac>
            <TTin>
              <TTruong>Amount</TTruong>
              <KDLieu>numeric</KDLieu>
              <DLieu>9262962.0</DLieu>
            </TTin>
            <TTin>
              <TTruong>AmountAfterExciseTax</TTruong>
              <KDLieu>numeric</KDLieu>
              <DLieu>0</DLieu>
            </TTin>
            <TTin>
              <TTruong>AmountAfterExciseTaxOC</TTruong>
              <KDLieu>numeric</KDLieu>
              <DLieu>0</DLieu>
            </TTin>
            <TTin>
              <TTruong>AmountOC</TTruong>
              <KDLieu>numeric</KDLieu>
              <DLieu>9262962.0</DLieu>
            </TTin>
            <TTin>
              <TTruong>AmountWithoutVATOC</TTruong>
              <KDLieu>numeric</KDLieu>
              <DLieu>9262962.0</DLieu>
            </TTin>
            <TTin>
              <TTruong>DiscountAmount</TTruong>
              <KDLieu>numeric</KDLieu>
              <DLieu>0.0</DLieu>
            </TTin>
            <TTin>
              <TTruong>SortOrder</TTruong>
              <KDLieu>numeric</KDLieu>
              <DLieu>18</DLieu>
            </TTin>
            <TTin>
              <TTruong>TaxReduction43Amount</TTruong>
              <KDLieu>numeric</KDLieu>
              <DLieu>0.0</DLieu>
            </TTin>
            <TTin>
              <TTruong>TaxReduction43AmountOC</TTruong>
              <KDLieu>numeric</KDLieu>
              <DLieu>0.0</DLieu>
            </TTin>
            <TTin>
              <TTruong>TaxReductionAmount</TTruong>
              <KDLieu>numeric</KDLieu>
              <DLieu>0.0</DLieu>
            </TTin>
            <TTin>
              <TTruong>TaxReductionAmountOC</TTruong>
              <KDLieu>numeric</KDLieu>
              <DLieu>0.0</DLieu>
            </TTin>
            <TTin>
              <TTruong>UnitPrice</TTruong>
              <KDLieu>numeric</KDLieu>
              <DLieu>37962.96</DLieu>
            </TTin>
            <TTin>
              <TTruong>UnitPriceAfterExciseVAT</TTruong>
              <KDLieu>numeric</KDLieu>
              <DLieu>0</DLieu>
            </TTin>
            <TTin>
              <TTruong>VATAmount</TTruong>
              <KDLieu>numeric</KDLieu>
              <DLieu>741037.0</DLieu>
            </TTin>
            <TTin>
              <TTruong>VATAmountOC</TTruong>
              <KDLieu>numeric</KDLieu>
              <DLieu>741037.0</DLieu>
            </TTin>
            <TTin>
              <TTruong>UnitPriceAfterExciseVAT</TTruong>
              <KDLieu>numeric</KDLieu>
              <DLieu>0</DLieu>
            </TTin>
            <TTin>
              <TTruong>AmountAfterExciseTaxOC</TTruong>
              <KDLieu>numeric</KDLieu>
              <DLieu>0</DLieu>
            </TTin>
            <TTin>
              <TTruong>AmountAfterExciseTax</TTruong>
              <KDLieu>numeric</KDLieu>
              <DLieu>0</DLieu>
            </TTin>
          </TTKhac>
        </HHDVu>
        <HHDVu>
          <TChat>1</TChat>
          <STT>19</STT>
          <MHHDVu>SKD3062L4</MHHDVu>
          <THHDVu>Gạch men 30x30</THHDVu>
          <DVTinh>Thùng</DVTinh>
          <SLuong>245.000000</SLuong>
          <DGia>37962.960000</DGia>
          <TLCKhau>0.0000</TLCKhau>
          <STCKhau>0.000000</STCKhau>
          <ThTien>9300925.000000</ThTien>
          <TSuat>8%</TSuat>
          <TTKhac>
            <TTin>
              <TTruong>Amount</TTruong>
              <KDLieu>numeric</KDLieu>
              <DLieu>9300925.0</DLieu>
            </TTin>
            <TTin>
              <TTruong>AmountAfterExciseTax</TTruong>
              <KDLieu>numeric</KDLieu>
              <DLieu>0</DLieu>
            </TTin>
            <TTin>
              <TTruong>AmountAfterExciseTaxOC</TTruong>
              <KDLieu>numeric</KDLieu>
              <DLieu>0</DLieu>
            </TTin>
            <TTin>
              <TTruong>AmountOC</TTruong>
              <KDLieu>numeric</KDLieu>
              <DLieu>9300925.0</DLieu>
            </TTin>
            <TTin>
              <TTruong>AmountWithoutVATOC</TTruong>
              <KDLieu>numeric</KDLieu>
              <DLieu>9300925.0</DLieu>
            </TTin>
            <TTin>
              <TTruong>DiscountAmount</TTruong>
              <KDLieu>numeric</KDLieu>
              <DLieu>0.0</DLieu>
            </TTin>
            <TTin>
              <TTruong>SortOrder</TTruong>
              <KDLieu>numeric</KDLieu>
              <DLieu>19</DLieu>
            </TTin>
            <TTin>
              <TTruong>TaxReduction43Amount</TTruong>
              <KDLieu>numeric</KDLieu>
              <DLieu>0.0</DLieu>
            </TTin>
            <TTin>
              <TTruong>TaxReduction43AmountOC</TTruong>
              <KDLieu>numeric</KDLieu>
              <DLieu>0.0</DLieu>
            </TTin>
            <TTin>
              <TTruong>TaxReductionAmount</TTruong>
              <KDLieu>numeric</KDLieu>
              <DLieu>0.0</DLieu>
            </TTin>
            <TTin>
              <TTruong>TaxReductionAmountOC</TTruong>
              <KDLieu>numeric</KDLieu>
              <DLieu>0.0</DLieu>
            </TTin>
            <TTin>
              <TTruong>UnitPrice</TTruong>
              <KDLieu>numeric</KDLieu>
              <DLieu>37962.96</DLieu>
            </TTin>
            <TTin>
              <TTruong>UnitPriceAfterExciseVAT</TTruong>
              <KDLieu>numeric</KDLieu>
              <DLieu>0</DLieu>
            </TTin>
            <TTin>
              <TTruong>VATAmount</TTruong>
              <KDLieu>numeric</KDLieu>
              <DLieu>744074.0</DLieu>
            </TTin>
            <TTin>
              <TTruong>VATAmountOC</TTruong>
              <KDLieu>numeric</KDLieu>
              <DLieu>744074.0</DLieu>
            </TTin>
            <TTin>
              <TTruong>UnitPriceAfterExciseVAT</TTruong>
              <KDLieu>numeric</KDLieu>
              <DLieu>0</DLieu>
            </TTin>
            <TTin>
              <TTruong>AmountAfterExciseTaxOC</TTruong>
              <KDLieu>numeric</KDLieu>
              <DLieu>0</DLieu>
            </TTin>
            <TTin>
              <TTruong>AmountAfterExciseTax</TTruong>
              <KDLieu>numeric</KDLieu>
              <DLieu>0</DLieu>
            </TTin>
          </TTKhac>
        </HHDVu>
        <HHDVu>
          <TChat>1</TChat>
          <STT>20</STT>
          <MHHDVu>TH3001L4</MHHDVu>
          <THHDVu>Gạch men 30x30</THHDVu>
          <DVTinh>Thùng</DVTinh>
          <SLuong>264.000000</SLuong>
          <DGia>37962.960000</DGia>
          <TLCKhau>0.0000</TLCKhau>
          <STCKhau>0.000000</STCKhau>
          <ThTien>10022221.000000</ThTien>
          <TSuat>8%</TSuat>
          <TTKhac>
            <TTin>
              <TTruong>Amount</TTruong>
              <KDLieu>numeric</KDLieu>
              <DLieu>10022221.0</DLieu>
            </TTin>
            <TTin>
              <TTruong>AmountAfterExciseTax</TTruong>
              <KDLieu>numeric</KDLieu>
              <DLieu>0</DLieu>
            </TTin>
            <TTin>
              <TTruong>AmountAfterExciseTaxOC</TTruong>
              <KDLieu>numeric</KDLieu>
              <DLieu>0</DLieu>
            </TTin>
            <TTin>
              <TTruong>AmountOC</TTruong>
              <KDLieu>numeric</KDLieu>
              <DLieu>10022221.0</DLieu>
            </TTin>
            <TTin>
              <TTruong>AmountWithoutVATOC</TTruong>
              <KDLieu>numeric</KDLieu>
              <DLieu>10022221.0</DLieu>
            </TTin>
            <TTin>
              <TTruong>DiscountAmount</TTruong>
              <KDLieu>numeric</KDLieu>
              <DLieu>0.0</DLieu>
            </TTin>
            <TTin>
              <TTruong>SortOrder</TTruong>
              <KDLieu>numeric</KDLieu>
              <DLieu>20</DLieu>
            </TTin>
            <TTin>
              <TTruong>TaxReduction43Amount</TTruong>
              <KDLieu>numeric</KDLieu>
              <DLieu>0.0</DLieu>
            </TTin>
            <TTin>
              <TTruong>TaxReduction43AmountOC</TTruong>
              <KDLieu>numeric</KDLieu>
              <DLieu>0.0</DLieu>
            </TTin>
            <TTin>
              <TTruong>TaxReductionAmount</TTruong>
              <KDLieu>numeric</KDLieu>
              <DLieu>0.0</DLieu>
            </TTin>
            <TTin>
              <TTruong>TaxReductionAmountOC</TTruong>
              <KDLieu>numeric</KDLieu>
              <DLieu>0.0</DLieu>
            </TTin>
            <TTin>
              <TTruong>UnitPrice</TTruong>
              <KDLieu>numeric</KDLieu>
              <DLieu>37962.96</DLieu>
            </TTin>
            <TTin>
              <TTruong>UnitPriceAfterExciseVAT</TTruong>
              <KDLieu>numeric</KDLieu>
              <DLieu>0</DLieu>
            </TTin>
            <TTin>
              <TTruong>VATAmount</TTruong>
              <KDLieu>numeric</KDLieu>
              <DLieu>801778.0</DLieu>
            </TTin>
            <TTin>
              <TTruong>VATAmountOC</TTruong>
              <KDLieu>numeric</KDLieu>
              <DLieu>801778.0</DLieu>
            </TTin>
            <TTin>
              <TTruong>UnitPriceAfterExciseVAT</TTruong>
              <KDLieu>numeric</KDLieu>
              <DLieu>0</DLieu>
            </TTin>
            <TTin>
              <TTruong>AmountAfterExciseTaxOC</TTruong>
              <KDLieu>numeric</KDLieu>
              <DLieu>0</DLieu>
            </TTin>
            <TTin>
              <TTruong>AmountAfterExciseTax</TTruong>
              <KDLieu>numeric</KDLieu>
              <DLieu>0</DLieu>
            </TTin>
          </TTKhac>
        </HHDVu>
      </DSHHDVu>
      <TToan>
        <THTTLTSuat>
          <LTSuat>
            <TSuat>8%</TSuat>
            <ThTien>198424986.000000</ThTien>
            <TThue>15873999.000000</TThue>
          </LTSuat>
        </THTTLTSuat>
        <TgTCThue>198424986.000000</TgTCThue>
        <TgTThue>15873999.000000</TgTThue>
        <TTCKTMai>0.000000</TTCKTMai>
        <TgTTTBSo>214298985.000000</TgTTTBSo>
        <TgTTTBChu>Hai trăm mười bốn triệu hai trăm chín mươi tám nghìn chín trăm tám mươi lăm đồng.</TgTTTBChu>
        <TTKhac>
          <TTin>
            <TTruong>TotalAmount</TTruong>
            <KDLieu>numeric</KDLieu>
            <DLieu>214298985.0</DLieu>
          </TTin>
          <TTin>
            <TTruong>TotalAmountInWordsByENG</TTruong>
            <KDLieu>string</KDLieu>
            <DLieu>Two hundred fourteen million, two hundred ninety-eight thousand, nine hundred eighty-five dong.</DLieu>
          </TTin>
          <TTin>
            <TTruong>TotalAmountInWordsVN</TTruong>
            <KDLieu>string</KDLieu>
            <DLieu>Hai trăm mười bốn triệu hai trăm chín mươi tám nghìn chín trăm tám mươi lăm đồng.</DLieu>
          </TTin>
          <TTin>
            <TTruong>TotalAmountWithoutVAT</TTruong>
            <KDLieu>numeric</KDLieu>
            <DLieu>198424986.0</DLieu>
          </TTin>
          <TTin>
            <TTruong>TotalAmountWithoutVATOC</TTruong>
            <KDLieu>numeric</KDLieu>
            <DLieu>198424986.0</DLieu>
          </TTin>
          <TTin>
            <TTruong>TotalDiscountAmount</TTruong>
            <KDLieu>numeric</KDLieu>
            <DLieu>0.0</DLieu>
          </TTin>
          <TTin>
            <TTruong>TotalDiscountAmountOC</TTruong>
            <KDLieu>numeric</KDLieu>
            <DLieu>0.0</DLieu>
          </TTin>
          <TTin>
            <TTruong>TotalSaleAmount</TTruong>
            <KDLieu>numeric</KDLieu>
            <DLieu>198424986.0</DLieu>
          </TTin>
          <TTin>
            <TTruong>TotalSaleAmountOC</TTruong>
            <KDLieu>numeric</KDLieu>
            <DLieu>198424986.0</DLieu>
          </TTin>
          <TTin>
            <TTruong>TotalVATAmount</TTruong>
            <KDLieu>numeric</KDLieu>
            <DLieu>15873999.0</DLieu>
          </TTin>
        </TTKhac>
      </TToan>
    </NDHDon>
    <TTKhac>
      <TTin>
        <TTruong>InvoiceTemplateID</TTruong>
        <KDLieu>string</KDLieu>
        <DLieu>75680a5a-543b-492b-9263-05916ade095e</DLieu>
      </TTin>
      <TTin>
        <TTruong>IsTaxReduction</TTruong>
        <KDLieu>numeric</KDLieu>
        <DLieu>False</DLieu>
      </TTin>
      <TTin>
        <TTruong>IsTaxReduction43</TTruong>
        <KDLieu>numeric</KDLieu>
        <DLieu>True</DLieu>
      </TTin>
      <TTin>
        <TTruong>RefID</TTruong>
        <KDLieu>string</KDLieu>
        <DLieu>b186e4b6-6487-49d8-8909-cd026c7f51e8</DLieu>
      </TTin>
      <TTin>
        <TTruong>AmountDecimalDigits</TTruong>
        <KDLieu>string</KDLieu>
        <DLieu>0</DLieu>
      </TTin>
      <TTin>
        <TTruong>AmountOCDecimalDigits</TTruong>
        <KDLieu>string</KDLieu>
        <DLieu>2</DLieu>
      </TTin>
      <TTin>
        <TTruong>CoefficientDecimalDigits</TTruong>
        <KDLieu>string</KDLieu>
        <DLieu>2</DLieu>
      </TTin>
      <TTin>
        <TTruong>ExchangRateDecimalDigits</TTruong>
        <KDLieu>string</KDLieu>
        <DLieu>2</DLieu>
      </TTin>
      <TTin>
        <TTruong>MainCurrency</TTruong>
        <KDLieu>string</KDLieu>
        <DLieu>VND</DLieu>
      </TTin>
      <TTin>
        <TTruong>QuantityDecimalDigits</TTruong>
        <KDLieu>string</KDLieu>
        <DLieu>2</DLieu>
      </TTin>
      <TTin>
        <TTruong>UnitPriceDecimalDigits</TTruong>
        <KDLieu>string</KDLieu>
        <DLieu>2</DLieu>
      </TTin>
      <TTin>
        <TTruong>UnitPriceOCDecimalDigits</TTruong>
        <KDLieu>string</KDLieu>
        <DLieu>2</DLieu>
      </TTin>
      <TTin>
        <TTruong>AppID</TTruong>
        <KDLieu>string</KDLieu>
        <DLieu>F7E8D7E5-BB5A-421B-8B39-D3A35D661F08</DLieu>
      </TTin>
      <TTin>
        <TTruong>TransactionID</TTruong>
        <KDLieu>string</KDLieu>
        <DLieu>NDCEH1QM0VV_</DLieu>
      </TTin>
    </TTKhac>
  </DLHDon>
  <DLQRCode>000201999900367GOTPUP3N0G88RQ65LWTO6QYNDCEH1Q85G8901103600643262020110306C24TCT04011050820240423060921429898563048769</DLQRCode>
  <DSCKS>
    <NBan/>
  </DSCKS>
</HDon>